teff,teff_err,logg,logg_err,L,L_err,rad,rad_err
10829.208274699191,160.4461684090902,3.5756923932101192,0.44786299130970386,261.7340456439778,27.20210931354849,4.609633208458725,0.20760264396503647
